INSERT INTO genre(id_genre, title)
VALUES('1','Панк'),('2','Рок'),('3','Металл'),('4','Гранж')

INSERT INTO band(id_band , name_band)
VALUES('1','Rotten Totten'),('2','Nagart'),('3','Metallica'),('4','Nirvana')

INSERT INTO bridge_genre_band (id_band, id_genre)
VALUES('1','1'),('2','1'),('3','3'),('4','4')

INSERT INTO band(id_band , name_band)
VALUES('5','Ария'),('7','Mad Dog'),('8','Чайф')

INSERT INTO bridge_genre_band (id_band, id_genre)
VALUES('5','3'),('7','4'),('8','2')

INSERT INTO album (id_album , title, album_year)
VALUES('1','Маска красной смерти','2022'),('2','Ужин у вдовы','2019'),
('3','Секреты оборотня','2019'),('5','О чём молчат мертвецы','2017'),
('6','The Metallica Blacklist','2021'),('7','St. Anger','2003'),
('8','Bleach','1989'),('9','Incesticide','2020'),
('4','С кем ты?','1986'),('10','Ночь короче дня','1995'),
('11','Mad dog','1997'),('12','На заре','2001'),
('13','Оранжевое настроение','2021'),('14','Время не ждет','2001')

INSERT INTO bridge_band_album(id_band, id_album)
VALUES('1','1'), ('1','2'), ('2','3'), ('2','5'), ('3','6'), ('3','7'), ('4','8'), ('4','9'), ('5','4'), ('5','10'), ('7','11'), ('7','12'), ('8','13'), ('8','14')
 
INSERT INTO music_track(id_track, name_track, duration, id_album)
VALUES('1','Элегия','246','1'), ('2','Щи','172','1'),('3','Трактирщик','221','1'), ('4','Бесы','195','2'),('5','Ужин у вдовы','124','2'), ('6','Часовщик','254','2'),
('7','Призраки','193','3'), ('8','Фома','185','3'),('9','Скульптор','250','3'), ('10','Кукольник','154','5'),('11','Ведьма','169','5'), ('12','Черт','194','5'),
('13','Enter Sandman my','233','6'), ('14','Wherever I My Roam','187','6'),('15','Don’t Tread On Me','257','6'), ('16','St. Anger','441','7'),('17','Purify','341','7'), ('18','Sweet Amber','356','7'),
('19','Blew','184','8'), ('20','Swap Meet','183','8'),('21','Sliver','136','9'), ('22','Downer','137','9'),
('23','Воля и разум','214','4'), ('24','Игры не для нас','347','4'),('25','Паранойя','299','10'), ('26','Зверь','244','10'),
('27','Сон','124','11'), ('28','Крик','192','11'),('29','Улетай','220','12'), ('30','Дождь мой','246','12'),
('31','Нарисуй','345','13'), ('32','Беги','246','13'), ('33','Она мила мой','187','14'), ('34','Время не ждёт','256','14')

INSERT INTO collection_of_song(id_collection, title, year_collection)
VALUES('1','Сборник','2022'),('2','The Best','2021'),('3','Коллекция песен','2020'),('4','Дорожный','2020')

INSERT INTO bridge_collection_tracks(id_track, id_collection)
VALUES ('1','1'),('13','1'),('27','1'),('9','2'),('33','2'),('25','2'),('4','3'),('10','3'),('23','3')('24','4')('34','4')